"input_profbin_file",simulation_time,"region_id","group_id","type_id","number_of_particles","pressure_min","pressure_max",pressure_ave
"/home/labkamiya/ParticleworksProjects/SDK_Slide/main_H=400_Mass=0.972_mu=0.913-0.769_ModelP_WindowSize=20_pressuredist/result/out_000000.profbin",0.000000e+00,0,3,-1,0,0.000000e+00,0.000000e+00,0.000000e+00
"/home/labkamiya/ParticleworksProjects/SDK_Slide/main_H=400_Mass=0.972_mu=0.913-0.769_ModelP_WindowSize=20_pressuredist/result/out_000001.profbin",2.500000e-02,0,3,-1,0,0.000000e+00,0.000000e+00,0.000000e+00
"/home/labkamiya/ParticleworksProjects/SDK_Slide/main_H=400_Mass=0.972_mu=0.913-0.769_ModelP_WindowSize=20_pressuredist/result/out_000002.profbin",5.000000e-02,0,3,-1,0,0.000000e+00,0.000000e+00,0.000000e+00
"/home/labkamiya/ParticleworksProjects/SDK_Slide/main_H=400_Mass=0.972_mu=0.913-0.769_ModelP_WindowSize=20_pressuredist/result/out_000003.profbin",7.500000e-02,0,3,-1,0,0.000000e+00,0.000000e+00,0.000000e+00
"/home/labkamiya/ParticleworksProjects/SDK_Slide/main_H=400_Mass=0.972_mu=0.913-0.769_ModelP_WindowSize=20_pressuredist/result/out_000004.profbin",1.000000e-01,0,3,-1,0,0.000000e+00,0.000000e+00,0.000000e+00
"/home/labkamiya/ParticleworksProjects/SDK_Slide/main_H=400_Mass=0.972_mu=0.913-0.769_ModelP_WindowSize=20_pressuredist/result/out_000005.profbin",1.250000e-01,0,3,-1,0,0.000000e+00,0.000000e+00,0.000000e+00
"/home/labkamiya/ParticleworksProjects/SDK_Slide/main_H=400_Mass=0.972_mu=0.913-0.769_ModelP_WindowSize=20_pressuredist/result/out_000006.profbin",1.500000e-01,0,3,-1,0,0.000000e+00,0.000000e+00,0.000000e+00
"/home/labkamiya/ParticleworksProjects/SDK_Slide/main_H=400_Mass=0.972_mu=0.913-0.769_ModelP_WindowSize=20_pressuredist/result/out_000007.profbin",1.750000e-01,0,3,-1,0,0.000000e+00,0.000000e+00,0.000000e+00
"/home/labkamiya/ParticleworksProjects/SDK_Slide/main_H=400_Mass=0.972_mu=0.913-0.769_ModelP_WindowSize=20_pressuredist/result/out_000008.profbin",2.000000e-01,0,3,-1,0,0.000000e+00,0.000000e+00,0.000000e+00
"/home/labkamiya/ParticleworksProjects/SDK_Slide/main_H=400_Mass=0.972_mu=0.913-0.769_ModelP_WindowSize=20_pressuredist/result/out_000009.profbin",2.250000e-01,0,3,-1,0,0.000000e+00,0.000000e+00,0.000000e+00
"/home/labkamiya/ParticleworksProjects/SDK_Slide/main_H=400_Mass=0.972_mu=0.913-0.769_ModelP_WindowSize=20_pressuredist/result/out_000010.profbin",2.500000e-01,0,3,-1,0,0.000000e+00,0.000000e+00,0.000000e+00
"/home/labkamiya/ParticleworksProjects/SDK_Slide/main_H=400_Mass=0.972_mu=0.913-0.769_ModelP_WindowSize=20_pressuredist/result/out_000011.profbin",2.752500e-01,0,3,-1,0,0.000000e+00,0.000000e+00,0.000000e+00
"/home/labkamiya/ParticleworksProjects/SDK_Slide/main_H=400_Mass=0.972_mu=0.913-0.769_ModelP_WindowSize=20_pressuredist/result/out_000012.profbin",3.002500e-01,0,3,-1,0,0.000000e+00,0.000000e+00,0.000000e+00
"/home/labkamiya/ParticleworksProjects/SDK_Slide/main_H=400_Mass=0.972_mu=0.913-0.769_ModelP_WindowSize=20_pressuredist/result/out_000013.profbin",3.252500e-01,0,3,-1,0,0.000000e+00,0.000000e+00,0.000000e+00
"/home/labkamiya/ParticleworksProjects/SDK_Slide/main_H=400_Mass=0.972_mu=0.913-0.769_ModelP_WindowSize=20_pressuredist/result/out_000014.profbin",3.502500e-01,0,3,-1,0,0.000000e+00,0.000000e+00,0.000000e+00
"/home/labkamiya/ParticleworksProjects/SDK_Slide/main_H=400_Mass=0.972_mu=0.913-0.769_ModelP_WindowSize=20_pressuredist/result/out_000015.profbin",3.752500e-01,0,3,-1,0,0.000000e+00,0.000000e+00,0.000000e+00
"/home/labkamiya/ParticleworksProjects/SDK_Slide/main_H=400_Mass=0.972_mu=0.913-0.769_ModelP_WindowSize=20_pressuredist/result/out_000016.profbin",4.002500e-01,0,3,-1,0,0.000000e+00,0.000000e+00,0.000000e+00
"/home/labkamiya/ParticleworksProjects/SDK_Slide/main_H=400_Mass=0.972_mu=0.913-0.769_ModelP_WindowSize=20_pressuredist/result/out_000017.profbin",4.252500e-01,0,3,-1,0,0.000000e+00,0.000000e+00,0.000000e+00
"/home/labkamiya/ParticleworksProjects/SDK_Slide/main_H=400_Mass=0.972_mu=0.913-0.769_ModelP_WindowSize=20_pressuredist/result/out_000018.profbin",4.502500e-01,0,3,-1,0,0.000000e+00,0.000000e+00,0.000000e+00
"/home/labkamiya/ParticleworksProjects/SDK_Slide/main_H=400_Mass=0.972_mu=0.913-0.769_ModelP_WindowSize=20_pressuredist/result/out_000019.profbin",4.752500e-01,0,3,-1,0,0.000000e+00,0.000000e+00,0.000000e+00
"/home/labkamiya/ParticleworksProjects/SDK_Slide/main_H=400_Mass=0.972_mu=0.913-0.769_ModelP_WindowSize=20_pressuredist/result/out_000020.profbin",5.002500e-01,0,3,-1,0,0.000000e+00,0.000000e+00,0.000000e+00
"/home/labkamiya/ParticleworksProjects/SDK_Slide/main_H=400_Mass=0.972_mu=0.913-0.769_ModelP_WindowSize=20_pressuredist/result/out_000021.profbin",5.252500e-01,0,3,-1,0,0.000000e+00,0.000000e+00,0.000000e+00
"/home/labkamiya/ParticleworksProjects/SDK_Slide/main_H=400_Mass=0.972_mu=0.913-0.769_ModelP_WindowSize=20_pressuredist/result/out_000022.profbin",5.502500e-01,0,3,-1,0,0.000000e+00,0.000000e+00,0.000000e+00
"/home/labkamiya/ParticleworksProjects/SDK_Slide/main_H=400_Mass=0.972_mu=0.913-0.769_ModelP_WindowSize=20_pressuredist/result/out_000023.profbin",5.752500e-01,0,3,-1,0,0.000000e+00,0.000000e+00,0.000000e+00
"/home/labkamiya/ParticleworksProjects/SDK_Slide/main_H=400_Mass=0.972_mu=0.913-0.769_ModelP_WindowSize=20_pressuredist/result/out_000024.profbin",6.002500e-01,0,3,-1,0,0.000000e+00,0.000000e+00,0.000000e+00
"/home/labkamiya/ParticleworksProjects/SDK_Slide/main_H=400_Mass=0.972_mu=0.913-0.769_ModelP_WindowSize=20_pressuredist/result/out_000025.profbin",6.252500e-01,0,3,-1,0,0.000000e+00,0.000000e+00,0.000000e+00
"/home/labkamiya/ParticleworksProjects/SDK_Slide/main_H=400_Mass=0.972_mu=0.913-0.769_ModelP_WindowSize=20_pressuredist/result/out_000026.profbin",6.502500e-01,0,3,-1,0,0.000000e+00,0.000000e+00,0.000000e+00
"/home/labkamiya/ParticleworksProjects/SDK_Slide/main_H=400_Mass=0.972_mu=0.913-0.769_ModelP_WindowSize=20_pressuredist/result/out_000027.profbin",6.752500e-01,0,3,-1,0,0.000000e+00,0.000000e+00,0.000000e+00
"/home/labkamiya/ParticleworksProjects/SDK_Slide/main_H=400_Mass=0.972_mu=0.913-0.769_ModelP_WindowSize=20_pressuredist/result/out_000028.profbin",7.002500e-01,0,3,-1,0,0.000000e+00,0.000000e+00,0.000000e+00
"/home/labkamiya/ParticleworksProjects/SDK_Slide/main_H=400_Mass=0.972_mu=0.913-0.769_ModelP_WindowSize=20_pressuredist/result/out_000029.profbin",7.252500e-01,0,3,-1,0,0.000000e+00,0.000000e+00,0.000000e+00
"/home/labkamiya/ParticleworksProjects/SDK_Slide/main_H=400_Mass=0.972_mu=0.913-0.769_ModelP_WindowSize=20_pressuredist/result/out_000030.profbin",7.502500e-01,0,3,-1,0,0.000000e+00,0.000000e+00,0.000000e+00
"/home/labkamiya/ParticleworksProjects/SDK_Slide/main_H=400_Mass=0.972_mu=0.913-0.769_ModelP_WindowSize=20_pressuredist/result/out_000031.profbin",7.752500e-01,0,3,-1,0,0.000000e+00,0.000000e+00,0.000000e+00
"/home/labkamiya/ParticleworksProjects/SDK_Slide/main_H=400_Mass=0.972_mu=0.913-0.769_ModelP_WindowSize=20_pressuredist/result/out_000032.profbin",8.002500e-01,0,3,-1,0,0.000000e+00,0.000000e+00,0.000000e+00
"/home/labkamiya/ParticleworksProjects/SDK_Slide/main_H=400_Mass=0.972_mu=0.913-0.769_ModelP_WindowSize=20_pressuredist/result/out_000033.profbin",8.252500e-01,0,3,-1,0,0.000000e+00,0.000000e+00,0.000000e+00
"/home/labkamiya/ParticleworksProjects/SDK_Slide/main_H=400_Mass=0.972_mu=0.913-0.769_ModelP_WindowSize=20_pressuredist/result/out_000034.profbin",8.502500e-01,0,3,-1,0,0.000000e+00,0.000000e+00,0.000000e+00
"/home/labkamiya/ParticleworksProjects/SDK_Slide/main_H=400_Mass=0.972_mu=0.913-0.769_ModelP_WindowSize=20_pressuredist/result/out_000035.profbin",8.752500e-01,0,3,-1,0,0.000000e+00,0.000000e+00,0.000000e+00
"/home/labkamiya/ParticleworksProjects/SDK_Slide/main_H=400_Mass=0.972_mu=0.913-0.769_ModelP_WindowSize=20_pressuredist/result/out_000036.profbin",9.002500e-01,0,3,-1,0,0.000000e+00,0.000000e+00,0.000000e+00
"/home/labkamiya/ParticleworksProjects/SDK_Slide/main_H=400_Mass=0.972_mu=0.913-0.769_ModelP_WindowSize=20_pressuredist/result/out_000037.profbin",9.252500e-01,0,3,-1,0,0.000000e+00,0.000000e+00,0.000000e+00
"/home/labkamiya/ParticleworksProjects/SDK_Slide/main_H=400_Mass=0.972_mu=0.913-0.769_ModelP_WindowSize=20_pressuredist/result/out_000038.profbin",9.502500e-01,0,3,-1,0,0.000000e+00,0.000000e+00,0.000000e+00
"/home/labkamiya/ParticleworksProjects/SDK_Slide/main_H=400_Mass=0.972_mu=0.913-0.769_ModelP_WindowSize=20_pressuredist/result/out_000039.profbin",9.752500e-01,0,3,-1,0,0.000000e+00,0.000000e+00,0.000000e+00
"/home/labkamiya/ParticleworksProjects/SDK_Slide/main_H=400_Mass=0.972_mu=0.913-0.769_ModelP_WindowSize=20_pressuredist/result/out_000040.profbin",1.000250e+00,0,3,-1,0,0.000000e+00,0.000000e+00,0.000000e+00
"/home/labkamiya/ParticleworksProjects/SDK_Slide/main_H=400_Mass=0.972_mu=0.913-0.769_ModelP_WindowSize=20_pressuredist/result/out_000041.profbin",1.025250e+00,0,3,-1,0,0.000000e+00,0.000000e+00,0.000000e+00
"/home/labkamiya/ParticleworksProjects/SDK_Slide/main_H=400_Mass=0.972_mu=0.913-0.769_ModelP_WindowSize=20_pressuredist/result/out_000042.profbin",1.050250e+00,0,3,-1,0,0.000000e+00,0.000000e+00,0.000000e+00
"/home/labkamiya/ParticleworksProjects/SDK_Slide/main_H=400_Mass=0.972_mu=0.913-0.769_ModelP_WindowSize=20_pressuredist/result/out_000043.profbin",1.075250e+00,0,3,-1,0,0.000000e+00,0.000000e+00,0.000000e+00
"/home/labkamiya/ParticleworksProjects/SDK_Slide/main_H=400_Mass=0.972_mu=0.913-0.769_ModelP_WindowSize=20_pressuredist/result/out_000044.profbin",1.100250e+00,0,3,-1,0,0.000000e+00,0.000000e+00,0.000000e+00
"/home/labkamiya/ParticleworksProjects/SDK_Slide/main_H=400_Mass=0.972_mu=0.913-0.769_ModelP_WindowSize=20_pressuredist/result/out_000045.profbin",1.125250e+00,0,3,-1,0,0.000000e+00,0.000000e+00,0.000000e+00
"/home/labkamiya/ParticleworksProjects/SDK_Slide/main_H=400_Mass=0.972_mu=0.913-0.769_ModelP_WindowSize=20_pressuredist/result/out_000046.profbin",1.150250e+00,0,3,-1,0,0.000000e+00,0.000000e+00,0.000000e+00
"/home/labkamiya/ParticleworksProjects/SDK_Slide/main_H=400_Mass=0.972_mu=0.913-0.769_ModelP_WindowSize=20_pressuredist/result/out_000047.profbin",1.175250e+00,0,3,-1,0,0.000000e+00,0.000000e+00,0.000000e+00
"/home/labkamiya/ParticleworksProjects/SDK_Slide/main_H=400_Mass=0.972_mu=0.913-0.769_ModelP_WindowSize=20_pressuredist/result/out_000048.profbin",1.200250e+00,0,3,-1,0,0.000000e+00,0.000000e+00,0.000000e+00
"/home/labkamiya/ParticleworksProjects/SDK_Slide/main_H=400_Mass=0.972_mu=0.913-0.769_ModelP_WindowSize=20_pressuredist/result/out_000049.profbin",1.225250e+00,0,3,-1,0,0.000000e+00,0.000000e+00,0.000000e+00
"/home/labkamiya/ParticleworksProjects/SDK_Slide/main_H=400_Mass=0.972_mu=0.913-0.769_ModelP_WindowSize=20_pressuredist/result/out_000050.profbin",1.250000e+00,0,3,-1,0,0.000000e+00,0.000000e+00,0.000000e+00
"/home/labkamiya/ParticleworksProjects/SDK_Slide/main_H=400_Mass=0.972_mu=0.913-0.769_ModelP_WindowSize=20_pressuredist/result/out_000051.profbin",1.275000e+00,0,3,-1,0,0.000000e+00,0.000000e+00,0.000000e+00
"/home/labkamiya/ParticleworksProjects/SDK_Slide/main_H=400_Mass=0.972_mu=0.913-0.769_ModelP_WindowSize=20_pressuredist/result/out_000052.profbin",1.300000e+00,0,3,-1,0,0.000000e+00,0.000000e+00,0.000000e+00
"/home/labkamiya/ParticleworksProjects/SDK_Slide/main_H=400_Mass=0.972_mu=0.913-0.769_ModelP_WindowSize=20_pressuredist/result/out_000053.profbin",1.325000e+00,0,3,-1,0,0.000000e+00,0.000000e+00,0.000000e+00
"/home/labkamiya/ParticleworksProjects/SDK_Slide/main_H=400_Mass=0.972_mu=0.913-0.769_ModelP_WindowSize=20_pressuredist/result/out_000054.profbin",1.350000e+00,0,3,-1,0,0.000000e+00,0.000000e+00,0.000000e+00
"/home/labkamiya/ParticleworksProjects/SDK_Slide/main_H=400_Mass=0.972_mu=0.913-0.769_ModelP_WindowSize=20_pressuredist/result/out_000055.profbin",1.375000e+00,0,3,-1,0,0.000000e+00,0.000000e+00,0.000000e+00
"/home/labkamiya/ParticleworksProjects/SDK_Slide/main_H=400_Mass=0.972_mu=0.913-0.769_ModelP_WindowSize=20_pressuredist/result/out_000056.profbin",1.400000e+00,0,3,-1,0,0.000000e+00,0.000000e+00,0.000000e+00
"/home/labkamiya/ParticleworksProjects/SDK_Slide/main_H=400_Mass=0.972_mu=0.913-0.769_ModelP_WindowSize=20_pressuredist/result/out_000057.profbin",1.425000e+00,0,3,-1,0,0.000000e+00,0.000000e+00,0.000000e+00
"/home/labkamiya/ParticleworksProjects/SDK_Slide/main_H=400_Mass=0.972_mu=0.913-0.769_ModelP_WindowSize=20_pressuredist/result/out_000058.profbin",1.450000e+00,0,3,-1,16,0.000000e+00,1.727177e+02,2.039652e+01
"/home/labkamiya/ParticleworksProjects/SDK_Slide/main_H=400_Mass=0.972_mu=0.913-0.769_ModelP_WindowSize=20_pressuredist/result/out_000059.profbin",1.475000e+00,0,3,-1,72,0.000000e+00,1.286059e+03,6.554957e+01
"/home/labkamiya/ParticleworksProjects/SDK_Slide/main_H=400_Mass=0.972_mu=0.913-0.769_ModelP_WindowSize=20_pressuredist/result/out_000060.profbin",1.500000e+00,0,3,-1,77,0.000000e+00,8.713602e+02,3.168547e+01
"/home/labkamiya/ParticleworksProjects/SDK_Slide/main_H=400_Mass=0.972_mu=0.913-0.769_ModelP_WindowSize=20_pressuredist/result/out_000061.profbin",1.525000e+00,0,3,-1,63,0.000000e+00,8.128983e+02,4.188364e+01
"/home/labkamiya/ParticleworksProjects/SDK_Slide/main_H=400_Mass=0.972_mu=0.913-0.769_ModelP_WindowSize=20_pressuredist/result/out_000062.profbin",1.550000e+00,0,3,-1,47,0.000000e+00,1.068098e+03,1.125122e+02
"/home/labkamiya/ParticleworksProjects/SDK_Slide/main_H=400_Mass=0.972_mu=0.913-0.769_ModelP_WindowSize=20_pressuredist/result/out_000063.profbin",1.575000e+00,0,3,-1,42,0.000000e+00,1.150396e+03,9.739615e+01
"/home/labkamiya/ParticleworksProjects/SDK_Slide/main_H=400_Mass=0.972_mu=0.913-0.769_ModelP_WindowSize=20_pressuredist/result/out_000064.profbin",1.600000e+00,0,3,-1,43,0.000000e+00,9.710041e+02,9.147001e+01
"/home/labkamiya/ParticleworksProjects/SDK_Slide/main_H=400_Mass=0.972_mu=0.913-0.769_ModelP_WindowSize=20_pressuredist/result/out_000065.profbin",1.625000e+00,0,3,-1,51,0.000000e+00,1.062932e+03,1.146616e+02
"/home/labkamiya/ParticleworksProjects/SDK_Slide/main_H=400_Mass=0.972_mu=0.913-0.769_ModelP_WindowSize=20_pressuredist/result/out_000066.profbin",1.650000e+00,0,3,-1,50,0.000000e+00,9.741895e+02,7.789748e+01
"/home/labkamiya/ParticleworksProjects/SDK_Slide/main_H=400_Mass=0.972_mu=0.913-0.769_ModelP_WindowSize=20_pressuredist/result/out_000067.profbin",1.675000e+00,0,3,-1,46,0.000000e+00,1.154020e+03,6.915567e+01
"/home/labkamiya/ParticleworksProjects/SDK_Slide/main_H=400_Mass=0.972_mu=0.913-0.769_ModelP_WindowSize=20_pressuredist/result/out_000068.profbin",1.700000e+00,0,3,-1,46,0.000000e+00,1.682356e+03,1.479422e+02
"/home/labkamiya/ParticleworksProjects/SDK_Slide/main_H=400_Mass=0.972_mu=0.913-0.769_ModelP_WindowSize=20_pressuredist/result/out_000069.profbin",1.725000e+00,0,3,-1,47,0.000000e+00,8.206543e+02,8.945359e+01
"/home/labkamiya/ParticleworksProjects/SDK_Slide/main_H=400_Mass=0.972_mu=0.913-0.769_ModelP_WindowSize=20_pressuredist/result/out_000070.profbin",1.750000e+00,0,3,-1,51,0.000000e+00,1.128545e+03,9.913898e+01
"/home/labkamiya/ParticleworksProjects/SDK_Slide/main_H=400_Mass=0.972_mu=0.913-0.769_ModelP_WindowSize=20_pressuredist/result/out_000071.profbin",1.775000e+00,0,3,-1,50,0.000000e+00,8.330496e+02,7.977173e+01
"/home/labkamiya/ParticleworksProjects/SDK_Slide/main_H=400_Mass=0.972_mu=0.913-0.769_ModelP_WindowSize=20_pressuredist/result/out_000072.profbin",1.800000e+00,0,3,-1,45,0.000000e+00,1.117290e+03,1.513798e+02
"/home/labkamiya/ParticleworksProjects/SDK_Slide/main_H=400_Mass=0.972_mu=0.913-0.769_ModelP_WindowSize=20_pressuredist/result/out_000073.profbin",1.825000e+00,0,3,-1,46,0.000000e+00,1.237327e+03,1.555829e+02
"/home/labkamiya/ParticleworksProjects/SDK_Slide/main_H=400_Mass=0.972_mu=0.913-0.769_ModelP_WindowSize=20_pressuredist/result/out_000074.profbin",1.850000e+00,0,3,-1,51,0.000000e+00,1.050946e+03,8.886607e+01
"/home/labkamiya/ParticleworksProjects/SDK_Slide/main_H=400_Mass=0.972_mu=0.913-0.769_ModelP_WindowSize=20_pressuredist/result/out_000075.profbin",1.875000e+00,0,3,-1,45,0.000000e+00,1.385947e+03,1.141805e+02
"/home/labkamiya/ParticleworksProjects/SDK_Slide/main_H=400_Mass=0.972_mu=0.913-0.769_ModelP_WindowSize=20_pressuredist/result/out_000076.profbin",1.900000e+00,0,3,-1,52,0.000000e+00,1.251105e+03,9.532291e+01
"/home/labkamiya/ParticleworksProjects/SDK_Slide/main_H=400_Mass=0.972_mu=0.913-0.769_ModelP_WindowSize=20_pressuredist/result/out_000077.profbin",1.925000e+00,0,3,-1,52,0.000000e+00,8.421625e+02,8.419289e+01
"/home/labkamiya/ParticleworksProjects/SDK_Slide/main_H=400_Mass=0.972_mu=0.913-0.769_ModelP_WindowSize=20_pressuredist/result/out_000078.profbin",1.950000e+00,0,3,-1,52,0.000000e+00,1.151508e+03,1.259613e+02
"/home/labkamiya/ParticleworksProjects/SDK_Slide/main_H=400_Mass=0.972_mu=0.913-0.769_ModelP_WindowSize=20_pressuredist/result/out_000079.profbin",1.975000e+00,0,3,-1,54,0.000000e+00,1.134188e+03,1.419945e+02
"/home/labkamiya/ParticleworksProjects/SDK_Slide/main_H=400_Mass=0.972_mu=0.913-0.769_ModelP_WindowSize=20_pressuredist/result/out_000080.profbin",2.000000e+00,0,3,-1,50,0.000000e+00,1.153228e+03,1.034583e+02
"/home/labkamiya/ParticleworksProjects/SDK_Slide/main_H=400_Mass=0.972_mu=0.913-0.769_ModelP_WindowSize=20_pressuredist/result/out_000081.profbin",2.025000e+00,0,3,-1,49,0.000000e+00,1.207127e+03,1.210833e+02
"/home/labkamiya/ParticleworksProjects/SDK_Slide/main_H=400_Mass=0.972_mu=0.913-0.769_ModelP_WindowSize=20_pressuredist/result/out_000082.profbin",2.050000e+00,0,3,-1,63,0.000000e+00,1.505376e+03,1.848372e+02
"/home/labkamiya/ParticleworksProjects/SDK_Slide/main_H=400_Mass=0.972_mu=0.913-0.769_ModelP_WindowSize=20_pressuredist/result/out_000083.profbin",2.075000e+00,0,3,-1,79,0.000000e+00,9.004095e+02,7.841437e+01
"/home/labkamiya/ParticleworksProjects/SDK_Slide/main_H=400_Mass=0.972_mu=0.913-0.769_ModelP_WindowSize=20_pressuredist/result/out_000084.profbin",2.100000e+00,0,3,-1,83,0.000000e+00,1.413825e+03,8.420316e+01
"/home/labkamiya/ParticleworksProjects/SDK_Slide/main_H=400_Mass=0.972_mu=0.913-0.769_ModelP_WindowSize=20_pressuredist/result/out_000085.profbin",2.125000e+00,0,3,-1,100,0.000000e+00,1.249245e+03,1.302950e+02
"/home/labkamiya/ParticleworksProjects/SDK_Slide/main_H=400_Mass=0.972_mu=0.913-0.769_ModelP_WindowSize=20_pressuredist/result/out_000086.profbin",2.150000e+00,0,3,-1,110,0.000000e+00,1.094421e+03,1.005677e+02
"/home/labkamiya/ParticleworksProjects/SDK_Slide/main_H=400_Mass=0.972_mu=0.913-0.769_ModelP_WindowSize=20_pressuredist/result/out_000087.profbin",2.175000e+00,0,3,-1,119,0.000000e+00,1.065189e+03,1.241233e+02
"/home/labkamiya/ParticleworksProjects/SDK_Slide/main_H=400_Mass=0.972_mu=0.913-0.769_ModelP_WindowSize=20_pressuredist/result/out_000088.profbin",2.200000e+00,0,3,-1,121,0.000000e+00,1.452151e+03,1.261290e+02
"/home/labkamiya/ParticleworksProjects/SDK_Slide/main_H=400_Mass=0.972_mu=0.913-0.769_ModelP_WindowSize=20_pressuredist/result/out_000089.profbin",2.225000e+00,0,3,-1,130,0.000000e+00,1.174523e+03,1.032585e+02
"/home/labkamiya/ParticleworksProjects/SDK_Slide/main_H=400_Mass=0.972_mu=0.913-0.769_ModelP_WindowSize=20_pressuredist/result/out_000090.profbin",2.250000e+00,0,3,-1,137,0.000000e+00,1.443574e+03,1.297319e+02
"/home/labkamiya/ParticleworksProjects/SDK_Slide/main_H=400_Mass=0.972_mu=0.913-0.769_ModelP_WindowSize=20_pressuredist/result/out_000091.profbin",2.275000e+00,0,3,-1,144,0.000000e+00,1.125818e+03,1.441063e+02
"/home/labkamiya/ParticleworksProjects/SDK_Slide/main_H=400_Mass=0.972_mu=0.913-0.769_ModelP_WindowSize=20_pressuredist/result/out_000092.profbin",2.300000e+00,0,3,-1,154,0.000000e+00,1.084529e+03,1.584607e+02
"/home/labkamiya/ParticleworksProjects/SDK_Slide/main_H=400_Mass=0.972_mu=0.913-0.769_ModelP_WindowSize=20_pressuredist/result/out_000093.profbin",2.325000e+00,0,3,-1,158,0.000000e+00,1.407953e+03,2.061487e+02
"/home/labkamiya/ParticleworksProjects/SDK_Slide/main_H=400_Mass=0.972_mu=0.913-0.769_ModelP_WindowSize=20_pressuredist/result/out_000094.profbin",2.350000e+00,0,3,-1,165,0.000000e+00,1.316407e+03,1.733067e+02
"/home/labkamiya/ParticleworksProjects/SDK_Slide/main_H=400_Mass=0.972_mu=0.913-0.769_ModelP_WindowSize=20_pressuredist/result/out_000095.profbin",2.375000e+00,0,3,-1,168,0.000000e+00,1.072863e+03,1.774679e+02
"/home/labkamiya/ParticleworksProjects/SDK_Slide/main_H=400_Mass=0.972_mu=0.913-0.769_ModelP_WindowSize=20_pressuredist/result/out_000096.profbin",2.400000e+00,0,3,-1,178,0.000000e+00,1.945504e+03,2.951528e+02
"/home/labkamiya/ParticleworksProjects/SDK_Slide/main_H=400_Mass=0.972_mu=0.913-0.769_ModelP_WindowSize=20_pressuredist/result/out_000097.profbin",2.425000e+00,0,3,-1,180,0.000000e+00,2.191455e+03,2.749311e+02
"/home/labkamiya/ParticleworksProjects/SDK_Slide/main_H=400_Mass=0.972_mu=0.913-0.769_ModelP_WindowSize=20_pressuredist/result/out_000098.profbin",2.450000e+00,0,3,-1,181,0.000000e+00,1.250944e+03,2.305092e+02
"/home/labkamiya/ParticleworksProjects/SDK_Slide/main_H=400_Mass=0.972_mu=0.913-0.769_ModelP_WindowSize=20_pressuredist/result/out_000099.profbin",2.475250e+00,0,3,-1,188,0.000000e+00,1.132496e+03,1.986559e+02
"/home/labkamiya/ParticleworksProjects/SDK_Slide/main_H=400_Mass=0.972_mu=0.913-0.769_ModelP_WindowSize=20_pressuredist/result/out_000100.profbin",2.500250e+00,0,3,-1,192,0.000000e+00,1.480120e+03,2.966557e+02
"/home/labkamiya/ParticleworksProjects/SDK_Slide/main_H=400_Mass=0.972_mu=0.913-0.769_ModelP_WindowSize=20_pressuredist/result/out_000101.profbin",2.525250e+00,0,3,-1,193,0.000000e+00,1.463509e+03,2.798827e+02
"/home/labkamiya/ParticleworksProjects/SDK_Slide/main_H=400_Mass=0.972_mu=0.913-0.769_ModelP_WindowSize=20_pressuredist/result/out_000102.profbin",2.550250e+00,0,3,-1,199,0.000000e+00,1.415006e+03,2.571338e+02
"/home/labkamiya/ParticleworksProjects/SDK_Slide/main_H=400_Mass=0.972_mu=0.913-0.769_ModelP_WindowSize=20_pressuredist/result/out_000103.profbin",2.575250e+00,0,3,-1,203,0.000000e+00,1.532532e+03,2.907459e+02
"/home/labkamiya/ParticleworksProjects/SDK_Slide/main_H=400_Mass=0.972_mu=0.913-0.769_ModelP_WindowSize=20_pressuredist/result/out_000104.profbin",2.600250e+00,0,3,-1,201,0.000000e+00,1.201092e+03,2.198474e+02
"/home/labkamiya/ParticleworksProjects/SDK_Slide/main_H=400_Mass=0.972_mu=0.913-0.769_ModelP_WindowSize=20_pressuredist/result/out_000105.profbin",2.625250e+00,0,3,-1,207,0.000000e+00,1.382769e+03,2.157372e+02
"/home/labkamiya/ParticleworksProjects/SDK_Slide/main_H=400_Mass=0.972_mu=0.913-0.769_ModelP_WindowSize=20_pressuredist/result/out_000106.profbin",2.650250e+00,0,3,-1,212,0.000000e+00,1.886367e+03,2.711012e+02
"/home/labkamiya/ParticleworksProjects/SDK_Slide/main_H=400_Mass=0.972_mu=0.913-0.769_ModelP_WindowSize=20_pressuredist/result/out_000107.profbin",2.675250e+00,0,3,-1,222,0.000000e+00,1.667941e+03,2.850414e+02
"/home/labkamiya/ParticleworksProjects/SDK_Slide/main_H=400_Mass=0.972_mu=0.913-0.769_ModelP_WindowSize=20_pressuredist/result/out_000108.profbin",2.700250e+00,0,3,-1,212,0.000000e+00,1.307317e+03,2.910126e+02
"/home/labkamiya/ParticleworksProjects/SDK_Slide/main_H=400_Mass=0.972_mu=0.913-0.769_ModelP_WindowSize=20_pressuredist/result/out_000109.profbin",2.725250e+00,0,3,-1,212,0.000000e+00,1.605813e+03,3.215317e+02
"/home/labkamiya/ParticleworksProjects/SDK_Slide/main_H=400_Mass=0.972_mu=0.913-0.769_ModelP_WindowSize=20_pressuredist/result/out_000110.profbin",2.750250e+00,0,3,-1,224,0.000000e+00,1.124756e+03,2.340591e+02
"/home/labkamiya/ParticleworksProjects/SDK_Slide/main_H=400_Mass=0.972_mu=0.913-0.769_ModelP_WindowSize=20_pressuredist/result/out_000111.profbin",2.775250e+00,0,3,-1,225,0.000000e+00,1.498228e+03,2.333467e+02
"/home/labkamiya/ParticleworksProjects/SDK_Slide/main_H=400_Mass=0.972_mu=0.913-0.769_ModelP_WindowSize=20_pressuredist/result/out_000112.profbin",2.800250e+00,0,3,-1,221,0.000000e+00,1.413861e+03,3.152854e+02
"/home/labkamiya/ParticleworksProjects/SDK_Slide/main_H=400_Mass=0.972_mu=0.913-0.769_ModelP_WindowSize=20_pressuredist/result/out_000113.profbin",2.825250e+00,0,3,-1,229,0.000000e+00,1.343521e+03,2.749262e+02
"/home/labkamiya/ParticleworksProjects/SDK_Slide/main_H=400_Mass=0.972_mu=0.913-0.769_ModelP_WindowSize=20_pressuredist/result/out_000114.profbin",2.850250e+00,0,3,-1,228,0.000000e+00,1.498974e+03,2.892309e+02
"/home/labkamiya/ParticleworksProjects/SDK_Slide/main_H=400_Mass=0.972_mu=0.913-0.769_ModelP_WindowSize=20_pressuredist/result/out_000115.profbin",2.875250e+00,0,3,-1,235,0.000000e+00,1.755041e+03,3.584426e+02
"/home/labkamiya/ParticleworksProjects/SDK_Slide/main_H=400_Mass=0.972_mu=0.913-0.769_ModelP_WindowSize=20_pressuredist/result/out_000116.profbin",2.900250e+00,0,3,-1,230,0.000000e+00,1.162844e+03,2.782557e+02
"/home/labkamiya/ParticleworksProjects/SDK_Slide/main_H=400_Mass=0.972_mu=0.913-0.769_ModelP_WindowSize=20_pressuredist/result/out_000117.profbin",2.925250e+00,0,3,-1,232,0.000000e+00,1.279530e+03,2.536427e+02
"/home/labkamiya/ParticleworksProjects/SDK_Slide/main_H=400_Mass=0.972_mu=0.913-0.769_ModelP_WindowSize=20_pressuredist/result/out_000118.profbin",2.950250e+00,0,3,-1,234,0.000000e+00,1.357409e+03,2.462202e+02
"/home/labkamiya/ParticleworksProjects/SDK_Slide/main_H=400_Mass=0.972_mu=0.913-0.769_ModelP_WindowSize=20_pressuredist/result/out_000119.profbin",2.975250e+00,0,3,-1,232,0.000000e+00,1.190681e+03,2.226190e+02
"/home/labkamiya/ParticleworksProjects/SDK_Slide/main_H=400_Mass=0.972_mu=0.913-0.769_ModelP_WindowSize=20_pressuredist/result/out_000120.profbin",3.000250e+00,0,3,-1,239,0.000000e+00,1.412974e+03,2.207979e+02
"/home/labkamiya/ParticleworksProjects/SDK_Slide/main_H=400_Mass=0.972_mu=0.913-0.769_ModelP_WindowSize=20_pressuredist/result/out_000121.profbin",3.025250e+00,0,3,-1,236,0.000000e+00,8.816105e+02,1.762135e+02
"/home/labkamiya/ParticleworksProjects/SDK_Slide/main_H=400_Mass=0.972_mu=0.913-0.769_ModelP_WindowSize=20_pressuredist/result/out_000122.profbin",3.050250e+00,0,3,-1,231,0.000000e+00,1.561492e+03,1.775799e+02
"/home/labkamiya/ParticleworksProjects/SDK_Slide/main_H=400_Mass=0.972_mu=0.913-0.769_ModelP_WindowSize=20_pressuredist/result/out_000123.profbin",3.075250e+00,0,3,-1,224,0.000000e+00,1.120086e+03,2.464296e+02
"/home/labkamiya/ParticleworksProjects/SDK_Slide/main_H=400_Mass=0.972_mu=0.913-0.769_ModelP_WindowSize=20_pressuredist/result/out_000124.profbin",3.100250e+00,0,3,-1,222,0.000000e+00,9.271762e+02,1.761469e+02
"/home/labkamiya/ParticleworksProjects/SDK_Slide/main_H=400_Mass=0.972_mu=0.913-0.769_ModelP_WindowSize=20_pressuredist/result/out_000125.profbin",3.125250e+00,0,3,-1,225,0.000000e+00,8.830256e+02,1.775188e+02
"/home/labkamiya/ParticleworksProjects/SDK_Slide/main_H=400_Mass=0.972_mu=0.913-0.769_ModelP_WindowSize=20_pressuredist/result/out_000126.profbin",3.150250e+00,0,3,-1,216,0.000000e+00,1.258474e+03,2.314494e+02
"/home/labkamiya/ParticleworksProjects/SDK_Slide/main_H=400_Mass=0.972_mu=0.913-0.769_ModelP_WindowSize=20_pressuredist/result/out_000127.profbin",3.175250e+00,0,3,-1,215,0.000000e+00,9.303680e+02,1.732084e+02
"/home/labkamiya/ParticleworksProjects/SDK_Slide/main_H=400_Mass=0.972_mu=0.913-0.769_ModelP_WindowSize=20_pressuredist/result/out_000128.profbin",3.200250e+00,0,3,-1,207,0.000000e+00,9.868144e+02,1.345721e+02
"/home/labkamiya/ParticleworksProjects/SDK_Slide/main_H=400_Mass=0.972_mu=0.913-0.769_ModelP_WindowSize=20_pressuredist/result/out_000129.profbin",3.225250e+00,0,3,-1,206,0.000000e+00,1.014898e+03,1.752069e+02
"/home/labkamiya/ParticleworksProjects/SDK_Slide/main_H=400_Mass=0.972_mu=0.913-0.769_ModelP_WindowSize=20_pressuredist/result/out_000130.profbin",3.250250e+00,0,3,-1,202,0.000000e+00,8.629494e+02,1.469202e+02
"/home/labkamiya/ParticleworksProjects/SDK_Slide/main_H=400_Mass=0.972_mu=0.913-0.769_ModelP_WindowSize=20_pressuredist/result/out_000131.profbin",3.275250e+00,0,3,-1,198,0.000000e+00,1.069727e+03,1.677409e+02
"/home/labkamiya/ParticleworksProjects/SDK_Slide/main_H=400_Mass=0.972_mu=0.913-0.769_ModelP_WindowSize=20_pressuredist/result/out_000132.profbin",3.300250e+00,0,3,-1,191,0.000000e+00,1.027562e+03,1.302840e+02
"/home/labkamiya/ParticleworksProjects/SDK_Slide/main_H=400_Mass=0.972_mu=0.913-0.769_ModelP_WindowSize=20_pressuredist/result/out_000133.profbin",3.325250e+00,0,3,-1,187,0.000000e+00,8.899905e+02,1.872271e+02
"/home/labkamiya/ParticleworksProjects/SDK_Slide/main_H=400_Mass=0.972_mu=0.913-0.769_ModelP_WindowSize=20_pressuredist/result/out_000134.profbin",3.350250e+00,0,3,-1,180,0.000000e+00,1.001256e+03,1.425884e+02
"/home/labkamiya/ParticleworksProjects/SDK_Slide/main_H=400_Mass=0.972_mu=0.913-0.769_ModelP_WindowSize=20_pressuredist/result/out_000135.profbin",3.375250e+00,0,3,-1,179,0.000000e+00,9.308764e+02,1.185420e+02
"/home/labkamiya/ParticleworksProjects/SDK_Slide/main_H=400_Mass=0.972_mu=0.913-0.769_ModelP_WindowSize=20_pressuredist/result/out_000136.profbin",3.400250e+00,0,3,-1,174,0.000000e+00,1.030991e+03,1.101458e+02
"/home/labkamiya/ParticleworksProjects/SDK_Slide/main_H=400_Mass=0.972_mu=0.913-0.769_ModelP_WindowSize=20_pressuredist/result/out_000137.profbin",3.425250e+00,0,3,-1,168,0.000000e+00,1.017817e+03,1.239317e+02
"/home/labkamiya/ParticleworksProjects/SDK_Slide/main_H=400_Mass=0.972_mu=0.913-0.769_ModelP_WindowSize=20_pressuredist/result/out_000138.profbin",3.450250e+00,0,3,-1,169,0.000000e+00,9.850338e+02,1.393887e+02
"/home/labkamiya/ParticleworksProjects/SDK_Slide/main_H=400_Mass=0.972_mu=0.913-0.769_ModelP_WindowSize=20_pressuredist/result/out_000139.profbin",3.475250e+00,0,3,-1,166,0.000000e+00,9.764050e+02,1.189683e+02
"/home/labkamiya/ParticleworksProjects/SDK_Slide/main_H=400_Mass=0.972_mu=0.913-0.769_ModelP_WindowSize=20_pressuredist/result/out_000140.profbin",3.500250e+00,0,3,-1,168,0.000000e+00,8.248373e+02,1.300343e+02
"/home/labkamiya/ParticleworksProjects/SDK_Slide/main_H=400_Mass=0.972_mu=0.913-0.769_ModelP_WindowSize=20_pressuredist/result/out_000141.profbin",3.525250e+00,0,3,-1,167,0.000000e+00,1.093642e+03,1.453832e+02
"/home/labkamiya/ParticleworksProjects/SDK_Slide/main_H=400_Mass=0.972_mu=0.913-0.769_ModelP_WindowSize=20_pressuredist/result/out_000142.profbin",3.550250e+00,0,3,-1,168,0.000000e+00,8.637217e+02,1.479665e+02
"/home/labkamiya/ParticleworksProjects/SDK_Slide/main_H=400_Mass=0.972_mu=0.913-0.769_ModelP_WindowSize=20_pressuredist/result/out_000143.profbin",3.575250e+00,0,3,-1,172,0.000000e+00,1.022566e+03,1.354795e+02
"/home/labkamiya/ParticleworksProjects/SDK_Slide/main_H=400_Mass=0.972_mu=0.913-0.769_ModelP_WindowSize=20_pressuredist/result/out_000144.profbin",3.600250e+00,0,3,-1,172,0.000000e+00,1.385813e+03,1.449153e+02
"/home/labkamiya/ParticleworksProjects/SDK_Slide/main_H=400_Mass=0.972_mu=0.913-0.769_ModelP_WindowSize=20_pressuredist/result/out_000145.profbin",3.625250e+00,0,3,-1,159,0.000000e+00,7.139236e+02,1.263523e+02
"/home/labkamiya/ParticleworksProjects/SDK_Slide/main_H=400_Mass=0.972_mu=0.913-0.769_ModelP_WindowSize=20_pressuredist/result/out_000146.profbin",3.650250e+00,0,3,-1,166,0.000000e+00,8.741999e+02,1.345131e+02
"/home/labkamiya/ParticleworksProjects/SDK_Slide/main_H=400_Mass=0.972_mu=0.913-0.769_ModelP_WindowSize=20_pressuredist/result/out_000147.profbin",3.675250e+00,0,3,-1,164,0.000000e+00,8.970054e+02,1.459123e+02
"/home/labkamiya/ParticleworksProjects/SDK_Slide/main_H=400_Mass=0.972_mu=0.913-0.769_ModelP_WindowSize=20_pressuredist/result/out_000148.profbin",3.700250e+00,0,3,-1,163,0.000000e+00,1.036706e+03,1.224878e+02
"/home/labkamiya/ParticleworksProjects/SDK_Slide/main_H=400_Mass=0.972_mu=0.913-0.769_ModelP_WindowSize=20_pressuredist/result/out_000149.profbin",3.725250e+00,0,3,-1,158,0.000000e+00,9.195020e+02,1.059416e+02
"/home/labkamiya/ParticleworksProjects/SDK_Slide/main_H=400_Mass=0.972_mu=0.913-0.769_ModelP_WindowSize=20_pressuredist/result/out_000150.profbin",3.750250e+00,0,3,-1,158,0.000000e+00,8.827285e+02,1.401333e+02
"/home/labkamiya/ParticleworksProjects/SDK_Slide/main_H=400_Mass=0.972_mu=0.913-0.769_ModelP_WindowSize=20_pressuredist/result/out_000151.profbin",3.775250e+00,0,3,-1,161,0.000000e+00,8.856990e+02,1.426924e+02
"/home/labkamiya/ParticleworksProjects/SDK_Slide/main_H=400_Mass=0.972_mu=0.913-0.769_ModelP_WindowSize=20_pressuredist/result/out_000152.profbin",3.800250e+00,0,3,-1,154,0.000000e+00,8.650697e+02,1.245050e+02
"/home/labkamiya/ParticleworksProjects/SDK_Slide/main_H=400_Mass=0.972_mu=0.913-0.769_ModelP_WindowSize=20_pressuredist/result/out_000153.profbin",3.825250e+00,0,3,-1,156,0.000000e+00,8.080078e+02,1.097661e+02
"/home/labkamiya/ParticleworksProjects/SDK_Slide/main_H=400_Mass=0.972_mu=0.913-0.769_ModelP_WindowSize=20_pressuredist/result/out_000154.profbin",3.850250e+00,0,3,-1,155,0.000000e+00,9.346081e+02,1.209021e+02
"/home/labkamiya/ParticleworksProjects/SDK_Slide/main_H=400_Mass=0.972_mu=0.913-0.769_ModelP_WindowSize=20_pressuredist/result/out_000155.profbin",3.875250e+00,0,3,-1,154,0.000000e+00,7.457738e+02,1.095241e+02
"/home/labkamiya/ParticleworksProjects/SDK_Slide/main_H=400_Mass=0.972_mu=0.913-0.769_ModelP_WindowSize=20_pressuredist/result/out_000156.profbin",3.900250e+00,0,3,-1,150,0.000000e+00,7.362329e+02,1.259709e+02
"/home/labkamiya/ParticleworksProjects/SDK_Slide/main_H=400_Mass=0.972_mu=0.913-0.769_ModelP_WindowSize=20_pressuredist/result/out_000157.profbin",3.925250e+00,0,3,-1,143,0.000000e+00,8.698771e+02,1.181527e+02
"/home/labkamiya/ParticleworksProjects/SDK_Slide/main_H=400_Mass=0.972_mu=0.913-0.769_ModelP_WindowSize=20_pressuredist/result/out_000158.profbin",3.950250e+00,0,3,-1,143,0.000000e+00,9.538430e+02,1.252501e+02
"/home/labkamiya/ParticleworksProjects/SDK_Slide/main_H=400_Mass=0.972_mu=0.913-0.769_ModelP_WindowSize=20_pressuredist/result/out_000159.profbin",3.975250e+00,0,3,-1,141,0.000000e+00,7.680615e+02,1.337522e+02
"/home/labkamiya/ParticleworksProjects/SDK_Slide/main_H=400_Mass=0.972_mu=0.913-0.769_ModelP_WindowSize=20_pressuredist/result/out_000160.profbin",4.000250e+00,0,3,-1,142,0.000000e+00,8.715383e+02,1.176597e+02
"/home/labkamiya/ParticleworksProjects/SDK_Slide/main_H=400_Mass=0.972_mu=0.913-0.769_ModelP_WindowSize=20_pressuredist/result/out_000161.profbin",4.025250e+00,0,3,-1,133,0.000000e+00,9.908774e+02,1.164202e+02
"/home/labkamiya/ParticleworksProjects/SDK_Slide/main_H=400_Mass=0.972_mu=0.913-0.769_ModelP_WindowSize=20_pressuredist/result/out_000162.profbin",4.050250e+00,0,3,-1,132,0.000000e+00,7.902171e+02,1.053705e+02
"/home/labkamiya/ParticleworksProjects/SDK_Slide/main_H=400_Mass=0.972_mu=0.913-0.769_ModelP_WindowSize=20_pressuredist/result/out_000163.profbin",4.075250e+00,0,3,-1,131,0.000000e+00,7.588646e+02,1.349404e+02
"/home/labkamiya/ParticleworksProjects/SDK_Slide/main_H=400_Mass=0.972_mu=0.913-0.769_ModelP_WindowSize=20_pressuredist/result/out_000164.profbin",4.100250e+00,0,3,-1,133,0.000000e+00,6.653957e+02,1.092024e+02
"/home/labkamiya/ParticleworksProjects/SDK_Slide/main_H=400_Mass=0.972_mu=0.913-0.769_ModelP_WindowSize=20_pressuredist/result/out_000165.profbin",4.125250e+00,0,3,-1,131,0.000000e+00,8.269755e+02,1.031909e+02
"/home/labkamiya/ParticleworksProjects/SDK_Slide/main_H=400_Mass=0.972_mu=0.913-0.769_ModelP_WindowSize=20_pressuredist/result/out_000166.profbin",4.150250e+00,0,3,-1,130,0.000000e+00,7.360175e+02,8.582373e+01
"/home/labkamiya/ParticleworksProjects/SDK_Slide/main_H=400_Mass=0.972_mu=0.913-0.769_ModelP_WindowSize=20_pressuredist/result/out_000167.profbin",4.175250e+00,0,3,-1,127,0.000000e+00,7.780680e+02,1.034864e+02
"/home/labkamiya/ParticleworksProjects/SDK_Slide/main_H=400_Mass=0.972_mu=0.913-0.769_ModelP_WindowSize=20_pressuredist/result/out_000168.profbin",4.200250e+00,0,3,-1,125,0.000000e+00,9.179763e+02,1.105521e+02
"/home/labkamiya/ParticleworksProjects/SDK_Slide/main_H=400_Mass=0.972_mu=0.913-0.769_ModelP_WindowSize=20_pressuredist/result/out_000169.profbin",4.225250e+00,0,3,-1,126,0.000000e+00,6.272811e+02,9.339643e+01
"/home/labkamiya/ParticleworksProjects/SDK_Slide/main_H=400_Mass=0.972_mu=0.913-0.769_ModelP_WindowSize=20_pressuredist/result/out_000170.profbin",4.250250e+00,0,3,-1,122,0.000000e+00,6.602028e+02,9.209966e+01
"/home/labkamiya/ParticleworksProjects/SDK_Slide/main_H=400_Mass=0.972_mu=0.913-0.769_ModelP_WindowSize=20_pressuredist/result/out_000171.profbin",4.275250e+00,0,3,-1,117,0.000000e+00,8.182118e+02,9.835391e+01
"/home/labkamiya/ParticleworksProjects/SDK_Slide/main_H=400_Mass=0.972_mu=0.913-0.769_ModelP_WindowSize=20_pressuredist/result/out_000172.profbin",4.300250e+00,0,3,-1,115,0.000000e+00,8.287339e+02,8.901090e+01
"/home/labkamiya/ParticleworksProjects/SDK_Slide/main_H=400_Mass=0.972_mu=0.913-0.769_ModelP_WindowSize=20_pressuredist/result/out_000173.profbin",4.325250e+00,0,3,-1,113,0.000000e+00,6.621187e+02,9.122399e+01
"/home/labkamiya/ParticleworksProjects/SDK_Slide/main_H=400_Mass=0.972_mu=0.913-0.769_ModelP_WindowSize=20_pressuredist/result/out_000174.profbin",4.350250e+00,0,3,-1,117,0.000000e+00,7.512102e+02,9.755562e+01
"/home/labkamiya/ParticleworksProjects/SDK_Slide/main_H=400_Mass=0.972_mu=0.913-0.769_ModelP_WindowSize=20_pressuredist/result/out_000175.profbin",4.375250e+00,0,3,-1,115,0.000000e+00,6.117838e+02,1.121698e+02
"/home/labkamiya/ParticleworksProjects/SDK_Slide/main_H=400_Mass=0.972_mu=0.913-0.769_ModelP_WindowSize=20_pressuredist/result/out_000176.profbin",4.400250e+00,0,3,-1,120,0.000000e+00,6.036401e+02,7.854596e+01
"/home/labkamiya/ParticleworksProjects/SDK_Slide/main_H=400_Mass=0.972_mu=0.913-0.769_ModelP_WindowSize=20_pressuredist/result/out_000177.profbin",4.425250e+00,0,3,-1,115,0.000000e+00,6.312699e+02,1.058255e+02
"/home/labkamiya/ParticleworksProjects/SDK_Slide/main_H=400_Mass=0.972_mu=0.913-0.769_ModelP_WindowSize=20_pressuredist/result/out_000178.profbin",4.450250e+00,0,3,-1,120,0.000000e+00,7.212517e+02,6.468497e+01
"/home/labkamiya/ParticleworksProjects/SDK_Slide/main_H=400_Mass=0.972_mu=0.913-0.769_ModelP_WindowSize=20_pressuredist/result/out_000179.profbin",4.475250e+00,0,3,-1,113,0.000000e+00,5.370413e+02,8.239561e+01
"/home/labkamiya/ParticleworksProjects/SDK_Slide/main_H=400_Mass=0.972_mu=0.913-0.769_ModelP_WindowSize=20_pressuredist/result/out_000180.profbin",4.500250e+00,0,3,-1,118,0.000000e+00,6.105482e+02,9.605370e+01
"/home/labkamiya/ParticleworksProjects/SDK_Slide/main_H=400_Mass=0.972_mu=0.913-0.769_ModelP_WindowSize=20_pressuredist/result/out_000181.profbin",4.525250e+00,0,3,-1,119,0.000000e+00,5.349998e+02,1.062384e+02
"/home/labkamiya/ParticleworksProjects/SDK_Slide/main_H=400_Mass=0.972_mu=0.913-0.769_ModelP_WindowSize=20_pressuredist/result/out_000182.profbin",4.550250e+00,0,3,-1,120,0.000000e+00,9.553759e+02,9.090966e+01
"/home/labkamiya/ParticleworksProjects/SDK_Slide/main_H=400_Mass=0.972_mu=0.913-0.769_ModelP_WindowSize=20_pressuredist/result/out_000183.profbin",4.575250e+00,0,3,-1,116,0.000000e+00,6.206624e+02,9.088715e+01
"/home/labkamiya/ParticleworksProjects/SDK_Slide/main_H=400_Mass=0.972_mu=0.913-0.769_ModelP_WindowSize=20_pressuredist/result/out_000184.profbin",4.600250e+00,0,3,-1,114,0.000000e+00,7.030818e+02,8.984941e+01
"/home/labkamiya/ParticleworksProjects/SDK_Slide/main_H=400_Mass=0.972_mu=0.913-0.769_ModelP_WindowSize=20_pressuredist/result/out_000185.profbin",4.625250e+00,0,3,-1,114,0.000000e+00,6.248821e+02,9.283439e+01
"/home/labkamiya/ParticleworksProjects/SDK_Slide/main_H=400_Mass=0.972_mu=0.913-0.769_ModelP_WindowSize=20_pressuredist/result/out_000186.profbin",4.650250e+00,0,3,-1,118,0.000000e+00,5.452115e+02,8.660383e+01
"/home/labkamiya/ParticleworksProjects/SDK_Slide/main_H=400_Mass=0.972_mu=0.913-0.769_ModelP_WindowSize=20_pressuredist/result/out_000187.profbin",4.675250e+00,0,3,-1,112,0.000000e+00,9.073405e+02,1.054554e+02
"/home/labkamiya/ParticleworksProjects/SDK_Slide/main_H=400_Mass=0.972_mu=0.913-0.769_ModelP_WindowSize=20_pressuredist/result/out_000188.profbin",4.700250e+00,0,3,-1,120,0.000000e+00,8.901687e+02,9.705733e+01
"/home/labkamiya/ParticleworksProjects/SDK_Slide/main_H=400_Mass=0.972_mu=0.913-0.769_ModelP_WindowSize=20_pressuredist/result/out_000189.profbin",4.725000e+00,0,3,-1,113,0.000000e+00,4.586155e+02,7.732543e+01
"/home/labkamiya/ParticleworksProjects/SDK_Slide/main_H=400_Mass=0.972_mu=0.913-0.769_ModelP_WindowSize=20_pressuredist/result/out_000190.profbin",4.750000e+00,0,3,-1,112,0.000000e+00,5.202786e+02,8.288970e+01
"/home/labkamiya/ParticleworksProjects/SDK_Slide/main_H=400_Mass=0.972_mu=0.913-0.769_ModelP_WindowSize=20_pressuredist/result/out_000191.profbin",4.775000e+00,0,3,-1,113,0.000000e+00,6.626069e+02,1.021196e+02
"/home/labkamiya/ParticleworksProjects/SDK_Slide/main_H=400_Mass=0.972_mu=0.913-0.769_ModelP_WindowSize=20_pressuredist/result/out_000192.profbin",4.800000e+00,0,3,-1,113,0.000000e+00,6.543616e+02,9.764437e+01
"/home/labkamiya/ParticleworksProjects/SDK_Slide/main_H=400_Mass=0.972_mu=0.913-0.769_ModelP_WindowSize=20_pressuredist/result/out_000193.profbin",4.825000e+00,0,3,-1,112,0.000000e+00,4.992768e+02,7.738362e+01
"/home/labkamiya/ParticleworksProjects/SDK_Slide/main_H=400_Mass=0.972_mu=0.913-0.769_ModelP_WindowSize=20_pressuredist/result/out_000194.profbin",4.850000e+00,0,3,-1,114,0.000000e+00,6.816601e+02,8.766033e+01
"/home/labkamiya/ParticleworksProjects/SDK_Slide/main_H=400_Mass=0.972_mu=0.913-0.769_ModelP_WindowSize=20_pressuredist/result/out_000195.profbin",4.875000e+00,0,3,-1,112,0.000000e+00,8.394306e+02,9.590739e+01
"/home/labkamiya/ParticleworksProjects/SDK_Slide/main_H=400_Mass=0.972_mu=0.913-0.769_ModelP_WindowSize=20_pressuredist/result/out_000196.profbin",4.900000e+00,0,3,-1,111,0.000000e+00,5.463430e+02,8.083671e+01
"/home/labkamiya/ParticleworksProjects/SDK_Slide/main_H=400_Mass=0.972_mu=0.913-0.769_ModelP_WindowSize=20_pressuredist/result/out_000197.profbin",4.925000e+00,0,3,-1,110,0.000000e+00,4.669659e+02,7.382845e+01
"/home/labkamiya/ParticleworksProjects/SDK_Slide/main_H=400_Mass=0.972_mu=0.913-0.769_ModelP_WindowSize=20_pressuredist/result/out_000198.profbin",4.950000e+00,0,3,-1,111,0.000000e+00,4.707664e+02,7.224933e+01
"/home/labkamiya/ParticleworksProjects/SDK_Slide/main_H=400_Mass=0.972_mu=0.913-0.769_ModelP_WindowSize=20_pressuredist/result/out_000199.profbin",4.975000e+00,0,3,-1,107,0.000000e+00,5.618210e+02,7.457321e+01
"/home/labkamiya/ParticleworksProjects/SDK_Slide/main_H=400_Mass=0.972_mu=0.913-0.769_ModelP_WindowSize=20_pressuredist/result/out_000200.profbin",5.000000e+00,0,3,-1,111,0.000000e+00,6.015761e+02,8.045592e+01
